,latitude,longitude,geometry
0,49.0,-123.0,POINT (-123 49)
1,49.0,-122.0,POINT (-122 49)
2,49.0,-121.0,POINT (-121 49)
3,49.0,-119.0,POINT (-119 49)
4,49.0,-118.0,POINT (-118 49)
5,49.0,-116.0,POINT (-116 49)
6,49.0,-107.0,POINT (-107 49)
7,49.0,-99.0,POINT (-99 49)
8,49.0,-98.0,POINT (-98 49)
9,49.0,-97.0,POINT (-97 49)
10,49.0,-95.0,POINT (-95 49)
11,48.0,-124.0,POINT (-124 48)
12,48.0,-123.0,POINT (-123 48)
13,48.0,-122.0,POINT (-122 48)
14,48.0,-121.0,POINT (-121 48)
15,48.0,-120.0,POINT (-120 48)
16,48.0,-119.0,POINT (-119 48)
17,48.0,-118.0,POINT (-118 48)
18,48.0,-117.0,POINT (-117 48)
19,48.0,-116.0,POINT (-116 48)
20,48.0,-115.0,POINT (-115 48)
21,48.0,-114.0,POINT (-114 48)
22,48.0,-113.0,POINT (-113 48)
23,48.0,-112.0,POINT (-112 48)
24,48.0,-111.0,POINT (-111 48)
25,48.0,-110.0,POINT (-110 48)
26,48.0,-109.0,POINT (-109 48)
27,48.0,-108.0,POINT (-108 48)
28,48.0,-107.0,POINT (-107 48)
29,48.0,-106.0,POINT (-106 48)
30,48.0,-105.0,POINT (-105 48)
31,48.0,-104.0,POINT (-104 48)
32,48.0,-103.0,POINT (-103 48)
33,48.0,-102.0,POINT (-102 48)
34,48.0,-101.0,POINT (-101 48)
35,48.0,-100.0,POINT (-100 48)
36,48.0,-99.0,POINT (-99 48)
37,48.0,-98.0,POINT (-98 48)
38,48.0,-97.0,POINT (-97 48)
39,48.0,-96.0,POINT (-96 48)
40,48.0,-95.0,POINT (-95 48)
41,48.0,-94.0,POINT (-94 48)
42,48.0,-93.0,POINT (-93 48)
43,48.0,-92.0,POINT (-92 48)
44,48.0,-91.0,POINT (-91 48)
45,48.0,-90.0,POINT (-90 48)
46,48.0,-89.0,POINT (-89 48)
47,48.0,-88.0,POINT (-88 48)
48,47.0,-124.0,POINT (-124 47)
49,47.0,-123.0,POINT (-123 47)
50,47.0,-122.0,POINT (-122 47)
51,47.0,-121.0,POINT (-121 47)
52,47.0,-120.0,POINT (-120 47)
53,47.0,-119.0,POINT (-119 47)
54,47.0,-118.0,POINT (-118 47)
55,47.0,-117.0,POINT (-117 47)
56,47.0,-116.0,POINT (-116 47)
57,47.0,-115.0,POINT (-115 47)
58,47.0,-114.0,POINT (-114 47)
59,47.0,-113.0,POINT (-113 47)
60,47.0,-112.0,POINT (-112 47)
61,47.0,-111.0,POINT (-111 47)
62,47.0,-110.0,POINT (-110 47)
63,47.0,-109.0,POINT (-109 47)
64,47.0,-108.0,POINT (-108 47)
65,47.0,-107.0,POINT (-107 47)
66,47.0,-106.0,POINT (-106 47)
67,47.0,-105.0,POINT (-105 47)
68,47.0,-104.0,POINT (-104 47)
69,47.0,-103.0,POINT (-103 47)
70,47.0,-102.0,POINT (-102 47)
71,47.0,-101.0,POINT (-101 47)
72,47.0,-100.0,POINT (-100 47)
73,47.0,-99.0,POINT (-99 47)
74,47.0,-98.0,POINT (-98 47)
75,47.0,-97.0,POINT (-97 47)
76,47.0,-96.0,POINT (-96 47)
77,47.0,-95.0,POINT (-95 47)
78,47.0,-94.0,POINT (-94 47)
79,47.0,-93.0,POINT (-93 47)
80,47.0,-92.0,POINT (-92 47)
81,47.0,-91.0,POINT (-91 47)
82,47.0,-90.0,POINT (-90 47)
83,47.0,-89.0,POINT (-89 47)
84,47.0,-88.0,POINT (-88 47)
85,47.0,-87.0,POINT (-87 47)
86,47.0,-86.0,POINT (-86 47)
87,47.0,-69.0,POINT (-69 47)
88,47.0,-68.0,POINT (-68 47)
89,46.0,-124.0,POINT (-124 46)
90,46.0,-123.0,POINT (-123 46)
91,46.0,-122.0,POINT (-122 46)
92,46.0,-121.0,POINT (-121 46)
93,46.0,-120.0,POINT (-120 46)
94,46.0,-119.0,POINT (-119 46)
95,46.0,-118.0,POINT (-118 46)
96,46.0,-117.0,POINT (-117 46)
97,46.0,-116.0,POINT (-116 46)
98,46.0,-115.0,POINT (-115 46)
99,46.0,-114.0,POINT (-114 46)
100,46.0,-113.0,POINT (-113 46)
101,46.0,-112.0,POINT (-112 46)
102,46.0,-111.0,POINT (-111 46)
103,46.0,-110.0,POINT (-110 46)
104,46.0,-109.0,POINT (-109 46)
105,46.0,-108.0,POINT (-108 46)
106,46.0,-107.0,POINT (-107 46)
107,46.0,-106.0,POINT (-106 46)
108,46.0,-105.0,POINT (-105 46)
109,46.0,-104.0,POINT (-104 46)
110,46.0,-103.0,POINT (-103 46)
111,46.0,-102.0,POINT (-102 46)
112,46.0,-101.0,POINT (-101 46)
113,46.0,-100.0,POINT (-100 46)
114,46.0,-99.0,POINT (-99 46)
115,46.0,-98.0,POINT (-98 46)
116,46.0,-97.0,POINT (-97 46)
117,46.0,-96.0,POINT (-96 46)
118,46.0,-95.0,POINT (-95 46)
119,46.0,-94.0,POINT (-94 46)
120,46.0,-93.0,POINT (-93 46)
121,46.0,-92.0,POINT (-92 46)
122,46.0,-91.0,POINT (-91 46)
123,46.0,-90.0,POINT (-90 46)
124,46.0,-89.0,POINT (-89 46)
125,46.0,-88.0,POINT (-88 46)
126,46.0,-87.0,POINT (-87 46)
127,46.0,-86.0,POINT (-86 46)
128,46.0,-85.0,POINT (-85 46)
129,46.0,-84.0,POINT (-84 46)
130,46.0,-70.0,POINT (-70 46)
131,46.0,-69.0,POINT (-69 46)
132,46.0,-68.0,POINT (-68 46)
133,45.0,-124.0,POINT (-124 45)
134,45.0,-123.0,POINT (-123 45)
135,45.0,-122.0,POINT (-122 45)
136,45.0,-121.0,POINT (-121 45)
137,45.0,-120.0,POINT (-120 45)
138,45.0,-119.0,POINT (-119 45)
139,45.0,-118.0,POINT (-118 45)
140,45.0,-117.0,POINT (-117 45)
141,45.0,-116.0,POINT (-116 45)
142,45.0,-115.0,POINT (-115 45)
143,45.0,-114.0,POINT (-114 45)
144,45.0,-113.0,POINT (-113 45)
145,45.0,-112.0,POINT (-112 45)
146,45.0,-111.0,POINT (-111 45)
147,45.0,-110.0,POINT (-110 45)
148,45.0,-109.0,POINT (-109 45)
149,45.0,-108.0,POINT (-108 45)
150,45.0,-107.0,POINT (-107 45)
151,45.0,-106.0,POINT (-106 45)
152,45.0,-105.0,POINT (-105 45)
153,45.0,-104.0,POINT (-104 45)
154,45.0,-103.0,POINT (-103 45)
155,45.0,-102.0,POINT (-102 45)
156,45.0,-101.0,POINT (-101 45)
157,45.0,-100.0,POINT (-100 45)
158,45.0,-99.0,POINT (-99 45)
159,45.0,-98.0,POINT (-98 45)
160,45.0,-97.0,POINT (-97 45)
161,45.0,-96.0,POINT (-96 45)
162,45.0,-95.0,POINT (-95 45)
163,45.0,-94.0,POINT (-94 45)
164,45.0,-93.0,POINT (-93 45)
165,45.0,-92.0,POINT (-92 45)
166,45.0,-91.0,POINT (-91 45)
167,45.0,-90.0,POINT (-90 45)
168,45.0,-89.0,POINT (-89 45)
169,45.0,-88.0,POINT (-88 45)
170,45.0,-87.0,POINT (-87 45)
171,45.0,-86.0,POINT (-86 45)
172,45.0,-85.0,POINT (-85 45)
173,45.0,-84.0,POINT (-84 45)
174,45.0,-83.0,POINT (-83 45)
175,45.0,-73.0,POINT (-73 45)
176,45.0,-72.0,POINT (-72 45)
177,45.0,-71.0,POINT (-71 45)
178,45.0,-70.0,POINT (-70 45)
179,45.0,-69.0,POINT (-69 45)
180,45.0,-68.0,POINT (-68 45)
181,44.0,-124.0,POINT (-124 44)
182,44.0,-123.0,POINT (-123 44)
183,44.0,-122.0,POINT (-122 44)
184,44.0,-121.0,POINT (-121 44)
185,44.0,-120.0,POINT (-120 44)
186,44.0,-119.0,POINT (-119 44)
187,44.0,-118.0,POINT (-118 44)
188,44.0,-117.0,POINT (-117 44)
189,44.0,-116.0,POINT (-116 44)
190,44.0,-115.0,POINT (-115 44)
191,44.0,-114.0,POINT (-114 44)
192,44.0,-113.0,POINT (-113 44)
193,44.0,-112.0,POINT (-112 44)
194,44.0,-111.0,POINT (-111 44)
195,44.0,-110.0,POINT (-110 44)
196,44.0,-109.0,POINT (-109 44)
197,44.0,-108.0,POINT (-108 44)
198,44.0,-107.0,POINT (-107 44)
199,44.0,-106.0,POINT (-106 44)
200,44.0,-105.0,POINT (-105 44)
201,44.0,-104.0,POINT (-104 44)
202,44.0,-103.0,POINT (-103 44)
203,44.0,-102.0,POINT (-102 44)
204,44.0,-101.0,POINT (-101 44)
205,44.0,-100.0,POINT (-100 44)
206,44.0,-99.0,POINT (-99 44)
207,44.0,-98.0,POINT (-98 44)
208,44.0,-97.0,POINT (-97 44)
209,44.0,-96.0,POINT (-96 44)
210,44.0,-95.0,POINT (-95 44)
211,44.0,-94.0,POINT (-94 44)
212,44.0,-93.0,POINT (-93 44)
213,44.0,-92.0,POINT (-92 44)
214,44.0,-91.0,POINT (-91 44)
215,44.0,-90.0,POINT (-90 44)
216,44.0,-89.0,POINT (-89 44)
217,44.0,-88.0,POINT (-88 44)
218,44.0,-87.0,POINT (-87 44)
219,44.0,-86.0,POINT (-86 44)
220,44.0,-85.0,POINT (-85 44)
221,44.0,-84.0,POINT (-84 44)
222,44.0,-83.0,POINT (-83 44)
223,44.0,-76.0,POINT (-76 44)
224,44.0,-75.0,POINT (-75 44)
225,44.0,-74.0,POINT (-74 44)
226,44.0,-73.0,POINT (-73 44)
227,44.0,-72.0,POINT (-72 44)
228,44.0,-71.0,POINT (-71 44)
229,44.0,-70.0,POINT (-70 44)
230,44.0,-69.0,POINT (-69 44)
231,43.0,-124.0,POINT (-124 43)
232,43.0,-123.0,POINT (-123 43)
233,43.0,-122.0,POINT (-122 43)
234,43.0,-121.0,POINT (-121 43)
235,43.0,-120.0,POINT (-120 43)
236,43.0,-119.0,POINT (-119 43)
237,43.0,-118.0,POINT (-118 43)
238,43.0,-117.0,POINT (-117 43)
239,43.0,-116.0,POINT (-116 43)
240,43.0,-115.0,POINT (-115 43)
241,43.0,-114.0,POINT (-114 43)
242,43.0,-113.0,POINT (-113 43)
243,43.0,-112.0,POINT (-112 43)
244,43.0,-111.0,POINT (-111 43)
245,43.0,-110.0,POINT (-110 43)
246,43.0,-109.0,POINT (-109 43)
247,43.0,-108.0,POINT (-108 43)
248,43.0,-107.0,POINT (-107 43)
249,43.0,-106.0,POINT (-106 43)
250,43.0,-105.0,POINT (-105 43)
251,43.0,-104.0,POINT (-104 43)
252,43.0,-103.0,POINT (-103 43)
253,43.0,-102.0,POINT (-102 43)
254,43.0,-101.0,POINT (-101 43)
255,43.0,-100.0,POINT (-100 43)
256,43.0,-99.0,POINT (-99 43)
257,43.0,-98.0,POINT (-98 43)
258,43.0,-97.0,POINT (-97 43)
259,43.0,-96.0,POINT (-96 43)
260,43.0,-95.0,POINT (-95 43)
261,43.0,-94.0,POINT (-94 43)
262,43.0,-93.0,POINT (-93 43)
263,43.0,-92.0,POINT (-92 43)
264,43.0,-91.0,POINT (-91 43)
265,43.0,-90.0,POINT (-90 43)
266,43.0,-89.0,POINT (-89 43)
267,43.0,-88.0,POINT (-88 43)
268,43.0,-87.0,POINT (-87 43)
269,43.0,-86.0,POINT (-86 43)
270,43.0,-85.0,POINT (-85 43)
271,43.0,-84.0,POINT (-84 43)
272,43.0,-83.0,POINT (-83 43)
273,43.0,-79.0,POINT (-79 43)
274,43.0,-78.0,POINT (-78 43)
275,43.0,-77.0,POINT (-77 43)
276,43.0,-76.0,POINT (-76 43)
277,43.0,-75.0,POINT (-75 43)
278,43.0,-74.0,POINT (-74 43)
279,43.0,-73.0,POINT (-73 43)
280,43.0,-72.0,POINT (-72 43)
281,43.0,-71.0,POINT (-71 43)
282,42.0,-124.0,POINT (-124 42)
283,42.0,-123.0,POINT (-123 42)
284,42.0,-122.0,POINT (-122 42)
285,42.0,-121.0,POINT (-121 42)
286,42.0,-120.0,POINT (-120 42)
287,42.0,-119.0,POINT (-119 42)
288,42.0,-118.0,POINT (-118 42)
289,42.0,-117.0,POINT (-117 42)
290,42.0,-116.0,POINT (-116 42)
291,42.0,-115.0,POINT (-115 42)
292,42.0,-114.0,POINT (-114 42)
293,42.0,-113.0,POINT (-113 42)
294,42.0,-112.0,POINT (-112 42)
295,42.0,-111.0,POINT (-111 42)
296,42.0,-110.0,POINT (-110 42)
297,42.0,-109.0,POINT (-109 42)
298,42.0,-108.0,POINT (-108 42)
299,42.0,-107.0,POINT (-107 42)
300,42.0,-106.0,POINT (-106 42)
301,42.0,-105.0,POINT (-105 42)
302,42.0,-104.0,POINT (-104 42)
303,42.0,-103.0,POINT (-103 42)
304,42.0,-102.0,POINT (-102 42)
305,42.0,-101.0,POINT (-101 42)
306,42.0,-100.0,POINT (-100 42)
307,42.0,-99.0,POINT (-99 42)
308,42.0,-98.0,POINT (-98 42)
309,42.0,-97.0,POINT (-97 42)
310,42.0,-96.0,POINT (-96 42)
311,42.0,-95.0,POINT (-95 42)
312,42.0,-94.0,POINT (-94 42)
313,42.0,-93.0,POINT (-93 42)
314,42.0,-92.0,POINT (-92 42)
315,42.0,-91.0,POINT (-91 42)
316,42.0,-90.0,POINT (-90 42)
317,42.0,-89.0,POINT (-89 42)
318,42.0,-88.0,POINT (-88 42)
319,42.0,-87.0,POINT (-87 42)
320,42.0,-86.0,POINT (-86 42)
321,42.0,-85.0,POINT (-85 42)
322,42.0,-84.0,POINT (-84 42)
323,42.0,-81.0,POINT (-81 42)
324,42.0,-80.0,POINT (-80 42)
325,42.0,-79.0,POINT (-79 42)
326,42.0,-78.0,POINT (-78 42)
327,42.0,-77.0,POINT (-77 42)
328,42.0,-76.0,POINT (-76 42)
329,42.0,-75.0,POINT (-75 42)
330,42.0,-74.0,POINT (-74 42)
331,42.0,-73.0,POINT (-73 42)
332,42.0,-72.0,POINT (-72 42)
333,42.0,-71.0,POINT (-71 42)
334,42.0,-70.0,POINT (-70 42)
335,41.0,-124.0,POINT (-124 41)
336,41.0,-123.0,POINT (-123 41)
337,41.0,-122.0,POINT (-122 41)
338,41.0,-121.0,POINT (-121 41)
339,41.0,-120.0,POINT (-120 41)
340,41.0,-119.0,POINT (-119 41)
341,41.0,-118.0,POINT (-118 41)
342,41.0,-117.0,POINT (-117 41)
343,41.0,-116.0,POINT (-116 41)
344,41.0,-115.0,POINT (-115 41)
345,41.0,-114.0,POINT (-114 41)
346,41.0,-113.0,POINT (-113 41)
347,41.0,-112.0,POINT (-112 41)
348,41.0,-111.0,POINT (-111 41)
349,41.0,-110.0,POINT (-110 41)
350,41.0,-109.0,POINT (-109 41)
351,41.0,-108.0,POINT (-108 41)
352,41.0,-107.0,POINT (-107 41)
353,41.0,-106.0,POINT (-106 41)
354,41.0,-105.0,POINT (-105 41)
355,41.0,-104.0,POINT (-104 41)
356,41.0,-103.0,POINT (-103 41)
357,41.0,-102.0,POINT (-102 41)
358,41.0,-101.0,POINT (-101 41)
359,41.0,-100.0,POINT (-100 41)
360,41.0,-99.0,POINT (-99 41)
361,41.0,-98.0,POINT (-98 41)
362,41.0,-97.0,POINT (-97 41)
363,41.0,-96.0,POINT (-96 41)
364,41.0,-95.0,POINT (-95 41)
365,41.0,-94.0,POINT (-94 41)
366,41.0,-93.0,POINT (-93 41)
367,41.0,-92.0,POINT (-92 41)
368,41.0,-91.0,POINT (-91 41)
369,41.0,-90.0,POINT (-90 41)
370,41.0,-89.0,POINT (-89 41)
371,41.0,-88.0,POINT (-88 41)
372,41.0,-87.0,POINT (-87 41)
373,41.0,-86.0,POINT (-86 41)
374,41.0,-85.0,POINT (-85 41)
375,41.0,-84.0,POINT (-84 41)
376,41.0,-83.0,POINT (-83 41)
377,41.0,-82.0,POINT (-82 41)
378,41.0,-81.0,POINT (-81 41)
379,41.0,-80.0,POINT (-80 41)
380,41.0,-79.0,POINT (-79 41)
381,41.0,-78.0,POINT (-78 41)
382,41.0,-77.0,POINT (-77 41)
383,41.0,-76.0,POINT (-76 41)
384,41.0,-75.0,POINT (-75 41)
385,41.0,-74.0,POINT (-74 41)
386,41.0,-73.0,POINT (-73 41)
387,41.0,-72.0,POINT (-72 41)
388,40.0,-124.0,POINT (-124 40)
389,40.0,-123.0,POINT (-123 40)
390,40.0,-122.0,POINT (-122 40)
391,40.0,-121.0,POINT (-121 40)
392,40.0,-120.0,POINT (-120 40)
393,40.0,-119.0,POINT (-119 40)
394,40.0,-118.0,POINT (-118 40)
395,40.0,-117.0,POINT (-117 40)
396,40.0,-116.0,POINT (-116 40)
397,40.0,-115.0,POINT (-115 40)
398,40.0,-114.0,POINT (-114 40)
399,40.0,-113.0,POINT (-113 40)
400,40.0,-112.0,POINT (-112 40)
401,40.0,-111.0,POINT (-111 40)
402,40.0,-110.0,POINT (-110 40)
403,40.0,-109.0,POINT (-109 40)
404,40.0,-108.0,POINT (-108 40)
405,40.0,-107.0,POINT (-107 40)
406,40.0,-106.0,POINT (-106 40)
407,40.0,-105.0,POINT (-105 40)
408,40.0,-104.0,POINT (-104 40)
409,40.0,-103.0,POINT (-103 40)
410,40.0,-102.0,POINT (-102 40)
411,40.0,-101.0,POINT (-101 40)
412,40.0,-100.0,POINT (-100 40)
413,40.0,-99.0,POINT (-99 40)
414,40.0,-98.0,POINT (-98 40)
415,40.0,-97.0,POINT (-97 40)
416,40.0,-96.0,POINT (-96 40)
417,40.0,-95.0,POINT (-95 40)
418,40.0,-94.0,POINT (-94 40)
419,40.0,-93.0,POINT (-93 40)
420,40.0,-92.0,POINT (-92 40)
421,40.0,-91.0,POINT (-91 40)
422,40.0,-90.0,POINT (-90 40)
423,40.0,-89.0,POINT (-89 40)
424,40.0,-88.0,POINT (-88 40)
425,40.0,-87.0,POINT (-87 40)
426,40.0,-86.0,POINT (-86 40)
427,40.0,-85.0,POINT (-85 40)
428,40.0,-84.0,POINT (-84 40)
429,40.0,-83.0,POINT (-83 40)
430,40.0,-82.0,POINT (-82 40)
431,40.0,-81.0,POINT (-81 40)
432,40.0,-80.0,POINT (-80 40)
433,40.0,-79.0,POINT (-79 40)
434,40.0,-78.0,POINT (-78 40)
435,40.0,-77.0,POINT (-77 40)
436,40.0,-76.0,POINT (-76 40)
437,40.0,-75.0,POINT (-75 40)
438,40.0,-74.0,POINT (-74 40)
439,39.0,-123.0,POINT (-123 39)
440,39.0,-122.0,POINT (-122 39)
441,39.0,-121.0,POINT (-121 39)
442,39.0,-120.0,POINT (-120 39)
443,39.0,-119.0,POINT (-119 39)
444,39.0,-118.0,POINT (-118 39)
445,39.0,-117.0,POINT (-117 39)
446,39.0,-116.0,POINT (-116 39)
447,39.0,-115.0,POINT (-115 39)
448,39.0,-114.0,POINT (-114 39)
449,39.0,-113.0,POINT (-113 39)
450,39.0,-112.0,POINT (-112 39)
451,39.0,-111.0,POINT (-111 39)
452,39.0,-110.0,POINT (-110 39)
453,39.0,-109.0,POINT (-109 39)
454,39.0,-108.0,POINT (-108 39)
455,39.0,-107.0,POINT (-107 39)
456,39.0,-106.0,POINT (-106 39)
457,39.0,-105.0,POINT (-105 39)
458,39.0,-104.0,POINT (-104 39)
459,39.0,-103.0,POINT (-103 39)
460,39.0,-102.0,POINT (-102 39)
461,39.0,-101.0,POINT (-101 39)
462,39.0,-100.0,POINT (-100 39)
463,39.0,-99.0,POINT (-99 39)
464,39.0,-98.0,POINT (-98 39)
465,39.0,-97.0,POINT (-97 39)
466,39.0,-96.0,POINT (-96 39)
467,39.0,-95.0,POINT (-95 39)
468,39.0,-94.0,POINT (-94 39)
469,39.0,-93.0,POINT (-93 39)
470,39.0,-92.0,POINT (-92 39)
471,39.0,-91.0,POINT (-91 39)
472,39.0,-90.0,POINT (-90 39)
473,39.0,-89.0,POINT (-89 39)
474,39.0,-88.0,POINT (-88 39)
475,39.0,-87.0,POINT (-87 39)
476,39.0,-86.0,POINT (-86 39)
477,39.0,-85.0,POINT (-85 39)
478,39.0,-84.0,POINT (-84 39)
479,39.0,-83.0,POINT (-83 39)
480,39.0,-82.0,POINT (-82 39)
481,39.0,-81.0,POINT (-81 39)
482,39.0,-80.0,POINT (-80 39)
483,39.0,-79.0,POINT (-79 39)
484,39.0,-78.0,POINT (-78 39)
485,39.0,-77.0,POINT (-77 39)
486,39.0,-76.0,POINT (-76 39)
487,39.0,-75.0,POINT (-75 39)
488,38.0,-123.0,POINT (-123 38)
489,38.0,-122.0,POINT (-122 38)
490,38.0,-121.0,POINT (-121 38)
491,38.0,-120.0,POINT (-120 38)
492,38.0,-119.0,POINT (-119 38)
493,38.0,-118.0,POINT (-118 38)
494,38.0,-117.0,POINT (-117 38)
495,38.0,-116.0,POINT (-116 38)
496,38.0,-115.0,POINT (-115 38)
497,38.0,-114.0,POINT (-114 38)
498,38.0,-113.0,POINT (-113 38)
499,38.0,-112.0,POINT (-112 38)
500,38.0,-111.0,POINT (-111 38)
501,38.0,-110.0,POINT (-110 38)
502,38.0,-109.0,POINT (-109 38)
503,38.0,-108.0,POINT (-108 38)
504,38.0,-107.0,POINT (-107 38)
505,38.0,-106.0,POINT (-106 38)
506,38.0,-105.0,POINT (-105 38)
507,38.0,-104.0,POINT (-104 38)
508,38.0,-103.0,POINT (-103 38)
509,38.0,-102.0,POINT (-102 38)
510,38.0,-101.0,POINT (-101 38)
511,38.0,-100.0,POINT (-100 38)
512,38.0,-99.0,POINT (-99 38)
513,38.0,-98.0,POINT (-98 38)
514,38.0,-97.0,POINT (-97 38)
515,38.0,-96.0,POINT (-96 38)
516,38.0,-95.0,POINT (-95 38)
517,38.0,-94.0,POINT (-94 38)
518,38.0,-93.0,POINT (-93 38)
519,38.0,-92.0,POINT (-92 38)
520,38.0,-91.0,POINT (-91 38)
521,38.0,-90.0,POINT (-90 38)
522,38.0,-89.0,POINT (-89 38)
523,38.0,-88.0,POINT (-88 38)
524,38.0,-87.0,POINT (-87 38)
525,38.0,-86.0,POINT (-86 38)
526,38.0,-85.0,POINT (-85 38)
527,38.0,-84.0,POINT (-84 38)
528,38.0,-83.0,POINT (-83 38)
529,38.0,-82.0,POINT (-82 38)
530,38.0,-81.0,POINT (-81 38)
531,38.0,-80.0,POINT (-80 38)
532,38.0,-79.0,POINT (-79 38)
533,38.0,-78.0,POINT (-78 38)
534,38.0,-77.0,POINT (-77 38)
535,38.0,-76.0,POINT (-76 38)
536,37.0,-122.0,POINT (-122 37)
537,37.0,-121.0,POINT (-121 37)
538,37.0,-120.0,POINT (-120 37)
539,37.0,-119.0,POINT (-119 37)
540,37.0,-118.0,POINT (-118 37)
541,37.0,-117.0,POINT (-117 37)
542,37.0,-116.0,POINT (-116 37)
543,37.0,-115.0,POINT (-115 37)
544,37.0,-114.0,POINT (-114 37)
545,37.0,-113.0,POINT (-113 37)
546,37.0,-112.0,POINT (-112 37)
547,37.0,-111.0,POINT (-111 37)
548,37.0,-110.0,POINT (-110 37)
549,37.0,-109.0,POINT (-109 37)
550,37.0,-108.0,POINT (-108 37)
551,37.0,-107.0,POINT (-107 37)
552,37.0,-106.0,POINT (-106 37)
553,37.0,-105.0,POINT (-105 37)
554,37.0,-104.0,POINT (-104 37)
555,37.0,-103.0,POINT (-103 37)
556,37.0,-102.0,POINT (-102 37)
557,37.0,-101.0,POINT (-101 37)
558,37.0,-100.0,POINT (-100 37)
559,37.0,-99.0,POINT (-99 37)
560,37.0,-98.0,POINT (-98 37)
561,37.0,-97.0,POINT (-97 37)
562,37.0,-96.0,POINT (-96 37)
563,37.0,-95.0,POINT (-95 37)
564,37.0,-94.0,POINT (-94 37)
565,37.0,-93.0,POINT (-93 37)
566,37.0,-92.0,POINT (-92 37)
567,37.0,-91.0,POINT (-91 37)
568,37.0,-90.0,POINT (-90 37)
569,37.0,-89.0,POINT (-89 37)
570,37.0,-88.0,POINT (-88 37)
571,37.0,-87.0,POINT (-87 37)
572,37.0,-86.0,POINT (-86 37)
573,37.0,-85.0,POINT (-85 37)
574,37.0,-84.0,POINT (-84 37)
575,37.0,-83.0,POINT (-83 37)
576,37.0,-82.0,POINT (-82 37)
577,37.0,-81.0,POINT (-81 37)
578,37.0,-80.0,POINT (-80 37)
579,37.0,-79.0,POINT (-79 37)
580,37.0,-78.0,POINT (-78 37)
581,37.0,-77.0,POINT (-77 37)
582,37.0,-76.0,POINT (-76 37)
583,36.0,-121.0,POINT (-121 36)
584,36.0,-120.0,POINT (-120 36)
585,36.0,-119.0,POINT (-119 36)
586,36.0,-118.0,POINT (-118 36)
587,36.0,-117.0,POINT (-117 36)
588,36.0,-116.0,POINT (-116 36)
589,36.0,-115.0,POINT (-115 36)
590,36.0,-114.0,POINT (-114 36)
591,36.0,-113.0,POINT (-113 36)
592,36.0,-112.0,POINT (-112 36)
593,36.0,-111.0,POINT (-111 36)
594,36.0,-110.0,POINT (-110 36)
595,36.0,-109.0,POINT (-109 36)
596,36.0,-108.0,POINT (-108 36)
597,36.0,-107.0,POINT (-107 36)
598,36.0,-106.0,POINT (-106 36)
599,36.0,-105.0,POINT (-105 36)
600,36.0,-104.0,POINT (-104 36)
601,36.0,-103.0,POINT (-103 36)
602,36.0,-102.0,POINT (-102 36)
603,36.0,-101.0,POINT (-101 36)
604,36.0,-100.0,POINT (-100 36)
605,36.0,-99.0,POINT (-99 36)
606,36.0,-98.0,POINT (-98 36)
607,36.0,-97.0,POINT (-97 36)
608,36.0,-96.0,POINT (-96 36)
609,36.0,-95.0,POINT (-95 36)
610,36.0,-94.0,POINT (-94 36)
611,36.0,-93.0,POINT (-93 36)
612,36.0,-92.0,POINT (-92 36)
613,36.0,-91.0,POINT (-91 36)
614,36.0,-90.0,POINT (-90 36)
615,36.0,-89.0,POINT (-89 36)
616,36.0,-88.0,POINT (-88 36)
617,36.0,-87.0,POINT (-87 36)
618,36.0,-86.0,POINT (-86 36)
619,36.0,-85.0,POINT (-85 36)
620,36.0,-84.0,POINT (-84 36)
621,36.0,-83.0,POINT (-83 36)
622,36.0,-82.0,POINT (-82 36)
623,36.0,-81.0,POINT (-81 36)
624,36.0,-80.0,POINT (-80 36)
625,36.0,-79.0,POINT (-79 36)
626,36.0,-78.0,POINT (-78 36)
627,36.0,-77.0,POINT (-77 36)
628,36.0,-76.0,POINT (-76 36)
629,35.0,-120.0,POINT (-120 35)
630,35.0,-119.0,POINT (-119 35)
631,35.0,-118.0,POINT (-118 35)
632,35.0,-117.0,POINT (-117 35)
633,35.0,-116.0,POINT (-116 35)
634,35.0,-115.0,POINT (-115 35)
635,35.0,-114.0,POINT (-114 35)
636,35.0,-113.0,POINT (-113 35)
637,35.0,-112.0,POINT (-112 35)
638,35.0,-111.0,POINT (-111 35)
639,35.0,-110.0,POINT (-110 35)
640,35.0,-109.0,POINT (-109 35)
641,35.0,-108.0,POINT (-108 35)
642,35.0,-107.0,POINT (-107 35)
643,35.0,-106.0,POINT (-106 35)
644,35.0,-105.0,POINT (-105 35)
645,35.0,-104.0,POINT (-104 35)
646,35.0,-103.0,POINT (-103 35)
647,35.0,-102.0,POINT (-102 35)
648,35.0,-101.0,POINT (-101 35)
649,35.0,-100.0,POINT (-100 35)
650,35.0,-99.0,POINT (-99 35)
651,35.0,-98.0,POINT (-98 35)
652,35.0,-97.0,POINT (-97 35)
653,35.0,-96.0,POINT (-96 35)
654,35.0,-95.0,POINT (-95 35)
655,35.0,-94.0,POINT (-94 35)
656,35.0,-93.0,POINT (-93 35)
657,35.0,-92.0,POINT (-92 35)
658,35.0,-91.0,POINT (-91 35)
659,35.0,-90.0,POINT (-90 35)
660,35.0,-89.0,POINT (-89 35)
661,35.0,-88.0,POINT (-88 35)
662,35.0,-87.0,POINT (-87 35)
663,35.0,-86.0,POINT (-86 35)
664,35.0,-85.0,POINT (-85 35)
665,35.0,-84.0,POINT (-84 35)
666,35.0,-83.0,POINT (-83 35)
667,35.0,-82.0,POINT (-82 35)
668,35.0,-81.0,POINT (-81 35)
669,35.0,-80.0,POINT (-80 35)
670,35.0,-79.0,POINT (-79 35)
671,35.0,-78.0,POINT (-78 35)
672,35.0,-77.0,POINT (-77 35)
673,34.0,-120.0,POINT (-120 34)
674,34.0,-118.0,POINT (-118 34)
675,34.0,-117.0,POINT (-117 34)
676,34.0,-116.0,POINT (-116 34)
677,34.0,-115.0,POINT (-115 34)
678,34.0,-114.0,POINT (-114 34)
679,34.0,-113.0,POINT (-113 34)
680,34.0,-112.0,POINT (-112 34)
681,34.0,-111.0,POINT (-111 34)
682,34.0,-110.0,POINT (-110 34)
683,34.0,-109.0,POINT (-109 34)
684,34.0,-108.0,POINT (-108 34)
685,34.0,-107.0,POINT (-107 34)
686,34.0,-106.0,POINT (-106 34)
687,34.0,-105.0,POINT (-105 34)
688,34.0,-104.0,POINT (-104 34)
689,34.0,-103.0,POINT (-103 34)
690,34.0,-102.0,POINT (-102 34)
691,34.0,-101.0,POINT (-101 34)
692,34.0,-100.0,POINT (-100 34)
693,34.0,-99.0,POINT (-99 34)
694,34.0,-98.0,POINT (-98 34)
695,34.0,-97.0,POINT (-97 34)
696,34.0,-96.0,POINT (-96 34)
697,34.0,-95.0,POINT (-95 34)
698,34.0,-94.0,POINT (-94 34)
699,34.0,-93.0,POINT (-93 34)
700,34.0,-92.0,POINT (-92 34)
701,34.0,-91.0,POINT (-91 34)
702,34.0,-90.0,POINT (-90 34)
703,34.0,-89.0,POINT (-89 34)
704,34.0,-88.0,POINT (-88 34)
705,34.0,-87.0,POINT (-87 34)
706,34.0,-86.0,POINT (-86 34)
707,34.0,-85.0,POINT (-85 34)
708,34.0,-84.0,POINT (-84 34)
709,34.0,-83.0,POINT (-83 34)
710,34.0,-82.0,POINT (-82 34)
711,34.0,-81.0,POINT (-81 34)
712,34.0,-80.0,POINT (-80 34)
713,34.0,-79.0,POINT (-79 34)
714,34.0,-78.0,POINT (-78 34)
715,33.0,-117.0,POINT (-117 33)
716,33.0,-116.0,POINT (-116 33)
717,33.0,-115.0,POINT (-115 33)
718,33.0,-114.0,POINT (-114 33)
719,33.0,-113.0,POINT (-113 33)
720,33.0,-112.0,POINT (-112 33)
721,33.0,-111.0,POINT (-111 33)
722,33.0,-110.0,POINT (-110 33)
723,33.0,-109.0,POINT (-109 33)
724,33.0,-108.0,POINT (-108 33)
725,33.0,-107.0,POINT (-107 33)
726,33.0,-106.0,POINT (-106 33)
727,33.0,-105.0,POINT (-105 33)
728,33.0,-104.0,POINT (-104 33)
729,33.0,-103.0,POINT (-103 33)
730,33.0,-102.0,POINT (-102 33)
731,33.0,-101.0,POINT (-101 33)
732,33.0,-100.0,POINT (-100 33)
733,33.0,-99.0,POINT (-99 33)
734,33.0,-98.0,POINT (-98 33)
735,33.0,-97.0,POINT (-97 33)
736,33.0,-96.0,POINT (-96 33)
737,33.0,-95.0,POINT (-95 33)
738,33.0,-94.0,POINT (-94 33)
739,33.0,-93.0,POINT (-93 33)
740,33.0,-92.0,POINT (-92 33)
741,33.0,-91.0,POINT (-91 33)
742,33.0,-90.0,POINT (-90 33)
743,33.0,-89.0,POINT (-89 33)
744,33.0,-88.0,POINT (-88 33)
745,33.0,-87.0,POINT (-87 33)
746,33.0,-86.0,POINT (-86 33)
747,33.0,-85.0,POINT (-85 33)
748,33.0,-84.0,POINT (-84 33)
749,33.0,-83.0,POINT (-83 33)
750,33.0,-82.0,POINT (-82 33)
751,33.0,-81.0,POINT (-81 33)
752,33.0,-80.0,POINT (-80 33)
753,32.0,-113.0,POINT (-113 32)
754,32.0,-112.0,POINT (-112 32)
755,32.0,-111.0,POINT (-111 32)
756,32.0,-110.0,POINT (-110 32)
757,32.0,-109.0,POINT (-109 32)
758,32.0,-108.0,POINT (-108 32)
759,32.0,-107.0,POINT (-107 32)
760,32.0,-106.0,POINT (-106 32)
761,32.0,-105.0,POINT (-105 32)
762,32.0,-104.0,POINT (-104 32)
763,32.0,-103.0,POINT (-103 32)
764,32.0,-102.0,POINT (-102 32)
765,32.0,-101.0,POINT (-101 32)
766,32.0,-100.0,POINT (-100 32)
767,32.0,-99.0,POINT (-99 32)
768,32.0,-98.0,POINT (-98 32)
769,32.0,-97.0,POINT (-97 32)
770,32.0,-96.0,POINT (-96 32)
771,32.0,-95.0,POINT (-95 32)
772,32.0,-94.0,POINT (-94 32)
773,32.0,-93.0,POINT (-93 32)
774,32.0,-92.0,POINT (-92 32)
775,32.0,-91.0,POINT (-91 32)
776,32.0,-90.0,POINT (-90 32)
777,32.0,-89.0,POINT (-89 32)
778,32.0,-88.0,POINT (-88 32)
779,32.0,-87.0,POINT (-87 32)
780,32.0,-86.0,POINT (-86 32)
781,32.0,-85.0,POINT (-85 32)
782,32.0,-84.0,POINT (-84 32)
783,32.0,-83.0,POINT (-83 32)
784,32.0,-82.0,POINT (-82 32)
785,32.0,-81.0,POINT (-81 32)
786,31.0,-105.0,POINT (-105 31)
787,31.0,-104.0,POINT (-104 31)
788,31.0,-103.0,POINT (-103 31)
789,31.0,-102.0,POINT (-102 31)
790,31.0,-101.0,POINT (-101 31)
791,31.0,-100.0,POINT (-100 31)
792,31.0,-99.0,POINT (-99 31)
793,31.0,-98.0,POINT (-98 31)
794,31.0,-97.0,POINT (-97 31)
795,31.0,-96.0,POINT (-96 31)
796,31.0,-95.0,POINT (-95 31)
797,31.0,-94.0,POINT (-94 31)
798,31.0,-93.0,POINT (-93 31)
799,31.0,-92.0,POINT (-92 31)
800,31.0,-91.0,POINT (-91 31)
801,31.0,-90.0,POINT (-90 31)
802,31.0,-89.0,POINT (-89 31)
803,31.0,-88.0,POINT (-88 31)
804,31.0,-87.0,POINT (-87 31)
805,31.0,-86.0,POINT (-86 31)
806,31.0,-85.0,POINT (-85 31)
807,31.0,-84.0,POINT (-84 31)
808,31.0,-83.0,POINT (-83 31)
809,31.0,-82.0,POINT (-82 31)
810,30.0,-104.0,POINT (-104 30)
811,30.0,-103.0,POINT (-103 30)
812,30.0,-102.0,POINT (-102 30)
813,30.0,-101.0,POINT (-101 30)
814,30.0,-100.0,POINT (-100 30)
815,30.0,-99.0,POINT (-99 30)
816,30.0,-98.0,POINT (-98 30)
817,30.0,-97.0,POINT (-97 30)
818,30.0,-96.0,POINT (-96 30)
819,30.0,-95.0,POINT (-95 30)
820,30.0,-94.0,POINT (-94 30)
821,30.0,-93.0,POINT (-93 30)
822,30.0,-92.0,POINT (-92 30)
823,30.0,-91.0,POINT (-91 30)
824,30.0,-90.0,POINT (-90 30)
825,30.0,-89.0,POINT (-89 30)
826,30.0,-85.0,POINT (-85 30)
827,30.0,-83.0,POINT (-83 30)
828,30.0,-82.0,POINT (-82 30)
829,29.0,-100.0,POINT (-100 29)
830,29.0,-99.0,POINT (-99 29)
831,29.0,-98.0,POINT (-98 29)
832,29.0,-97.0,POINT (-97 29)
833,29.0,-96.0,POINT (-96 29)
834,29.0,-82.0,POINT (-82 29)
835,29.0,-81.0,POINT (-81 29)
836,28.0,-99.0,POINT (-99 28)
837,28.0,-98.0,POINT (-98 28)
838,28.0,-97.0,POINT (-97 28)
839,28.0,-82.0,POINT (-82 28)
840,28.0,-81.0,POINT (-81 28)
841,27.0,-99.0,POINT (-99 27)
842,27.0,-98.0,POINT (-98 27)
843,27.0,-82.0,POINT (-82 27)
844,27.0,-81.0,POINT (-81 27)
845,26.0,-81.0,POINT (-81 26)
846,25.0,-81.0,POINT (-81 25)
